area,age,bedrooms,cost,Gender
0.0,0.10526315789473684,1.0,0.0,M
0.25,0.0,0.5,0.34375,F
0.625,0.0,0.0,0.6875,M
0.75,1.0,0.16666666666666666,1.0,F
1.0,0.3684210526315789,0.6666666666666666,0.96875,M
